lenderid,name,rssdid,Non-us
L0001,3I PLC,,
L0002,WARBURG PARIBAS BECKER INC.,,
L0003,AAFS AG,,
L0004,ABU DHABI COMMERCIAL BANK,,
L0005,ABU DHABI INT. BK INC,,
L0006,ABU DHABI INVESTMENT CO,,
L0007,ADELA INTERNATIONAL FINANCING CO. S.A.,,
L0008,ADVANCE BANK AUSTRALIA,,
L0009,AETNA FINANCIAL SERVICES INC,,
L0010,AFFILIATED ROMANIAN BANK GROUP,,
L0011,AFIN,,
L0013,AGIFEL INTERNATIONAL LTD,,
L0014,AIDC,,
L0015,ASIA INTERNATIONAL MERCHANT BANKERS BHD.,,
L0016,AL AHLI BANK,,
L0017,ALAHLI BANK OF KUWAIT KSC,,
L0018,AL BAHRAIN ARAB AFRICAN BANK EC,,
L0020,AL MAL,,
L0021,AL SAUDI BANQUE,,
L0022,SAUDI INT. BANK,,
L0023,AL-BANK AL-SAUDI AL-FRANSI,,
L0024,ALBANK ALSAUDI ALHOLLANDI,,
L0025,UBAF (BAHRAIN),,
L0026,AL-UBAF GROUP,,
L0028,ALGERISCHE AUSSENHANDELSBANK (ZURICH),,
L0029,ADCA-BANK,,
L0030,ALLGEMEINE SPARKASSE IN LINZ,,
L0031,ALLIED ARAB BANK LTD,,
L0032,ALLIED BANK INT.,,
L0033,ALLIED BANKING CORP,,
L0034,ALLIED IRISH INVESTMENT BK LTD (UK),,
L0035,ALGEMENE SPAAR-EN LIJFRENTEKAS,,
L0036,AMANAH-CHASE MERCHANT BANK BERHAD,,
L0037,AMCA NETHERLANDS,,
L0038,AMERICAN BRANDS INC,,
L0039,AMEX BANK LTD,,
L0041,AMERICAN NATIONAL BANK & TRUST (CHICAGO),,
L0042,AMERICAN SCANDINAVIAN BANKING CORP,,
L0043,AM. SECURITY BANK INT. LTD,,
L0045,AMERITRUST,,
L0047,ANADOLU BANKASI,,
L0048,ANDELSBANKEN DANEBANK,,
L0049,ANDRESENS BANK A/S,,
L0050,ANGLO YUGOSLAV LDT,,
L0052,ANGLO-ROMANIAN BANK LTD,,
L0053,ANSCOR CAPITAL & INVESTMENT CORP,,
L0054,ANTONY GIBBS HOLDINGS LTD.,,
L0055,AP BANK,,
L0056,APCO,,
L0057,ARAB AFRICAN INT. BANK,,
L0058,ARAB AMERICAN BANK,,
L0059,ARAB ASIAN BANK,,
L0060,ARAB BANK LTD,,
L0061,ARAB BANK FOR INVESTMENT & FOR. TRADE,,
L0062,ARAB BANK INVESTMENT CO LTD,,
L0063,ARAB BANKING CORP,,
L0064,ABC-DAUS & CO,,
L0065,ARAB EUROPEAN FIN. MANAGEMENT CO SAK,,
L0066,ARAB FINANCE CORP SAL,,
L0067,ARAB FINANCIAL CONSULTANTS CO. SAK,,
L0068,ARAB HELLENIC BANK SA (ATHENS),,
L0069,ARAB INTERNATIONAL BANK,,
L0070,ARAB INVESTMENT CO SAA,,
L0071,ARAB JAPANESE FINANCE LTD,,
L0072,ARAB JORDAN INVESTMENT BANK,,
L0073,ARAB LATINAMERICAN BANK,,
L0074,ARAB LIBYAN TUNISIAN BANK,,
L0075,ARAB MALAYSIAN DEVELOPMENT BANK BHD,,
L0076,ARAB MONETARY FUND,,
L0077,ARAB NATIONAL BANK,,
L0078,ARAB PETROLEUM INVESTMENTS CORP,,
L0079,ARAB TRUST CO,,
L0080,ARAB TURKISH BANK,,
L0082,ARABIAN GULF INVESTMENT FAR EAST,,
L0083,ARAVEN FINANCE LTD,,
L0084,ARBUTHNOTT LATHAM BANK,,
L0085,ARTOC BANK & TRUST LTD,,
L0086,ASAHI MUTUAL LIFE INSURANCE CO.,,
L0087,ASEAM CAPITAL CORP LTD,,
L0089,ASIAN & EURO-AMERICAN MERCHANT BANK,,
L0090,ASEAN FINANCE CORP,,
L0091,ASHIKAGA BANK,,
L0092,ASIA CREDIT LTD,,
L0093,ASIA MERCHANT BANK,,
L0094,ASIA PACIFIC CAP. CORP LTD,,
L0095,P.T. ASIAN AND EURO-AMERICAN CAPITAL CORP. LTD. (INDONESIA),,
L0096,ASIAN BANKING GROUP,,
L0097,ASIAN INTERNATIONAL ACCEPTANCES & CAPITAL LTD.,,
L0098,ASIAN OCEANIC BANK,,
L0100,ASIAVEST,,
L0101,ASSOC. JAPANESE BANK (INT.) LTD,,
L0102,ATLANTIC INT. BANK LTD,,
L0103,AUSTRALIA AND NEW ZEALAND BANKING GROUP LTD.,,
L0104,AUSTRALIA EUROPEEN FINANCE CORP,,
L0105,AUSTRALIA-JAPAN INTERNATIONAL FINANCE,,
L0106,AUSTRALIA WHEAT BOARD (AWB),,
L0107,AUSTRALIAN BANK,,
L0108,AUSTRALIAIN EUROPEAN FINANCE CORP,,
L0109,AUSTRALIAN GUARANTEE CORPORATION,,
L0110,AUSTRALIA INDUSTRY DEVELOPMENT CORP,,
L0111,AUSTRALIAN INT. FINANCE CORP LTD,,
L0112,AUSTRALIAN RESOURCES DEVELOPMENT BANK,,
L0113,AUSTRALIAN WHEAT BOARD,,
L0114,AWT TRADE FINANCE CO,,
L0115,AYALA FINANCE LTD,,
L0116,AYERS FINNISS,,
L0117,BA ASIA LTD,,
L0118,BA AUSTRALIA,,
L0119,BA FINANCIAL SERVICES,,
L0120,BABCOCK & BROWN,,
L0121,BAC-COB SAVINGS BANK,,
L0122,BACOB SAVINGS BANK,,
L0123,BADISCHE KOM. LANDESBK INT. SA,,
L0124,BAHRAIN FINANCIAL CORPORATION,,
L0125,BAHRAIN INTERNATIONAL BANK,,
L0126,BAHRAIN INVESTMENT CO,,
L0127,BAHRAIN MIDDLE EAST BANK,,
L0128,BALBOA FINANZ,,
L0129,BANCA AGRICOLA POPULARE DI RAGUSA,,
L0130,BANACA ANTONIANA DI PADOVA E TRIESTE,,
L0131,BC CATALANA SA,,
L0132,BANCA CATTOLICA DEL VENETO,,
L0133,BC COMMERCIALE ITALIANA OVERSEAS LTD,,
L0134,BANCA CREDITO AGRARIO BRESCIANO,,
L0135,BANCA D'AMERICA E D'ITALIA,,
L0136,BANCA DEL FRIULI,,
L0137,BC DEL GOTTARDO,,
L0138,BANCA DEL MONTE DI MILANO,,
L0139,BANCA DEL POPOLO,,
L0140,BANCA DEL SALENTO,,
L0141,BANCA DEL SUD,,
L0142,BC DELLA SVIZZERA ITALIANA,,
L0143,BANCA DI MESSINA,,
L0144,BANCA ITALO ROMENA,,
L0145,BANCA MANUSARDI & C,,
L0146,BC MARCH SA,,
L0147,BC MAS SARDA,,
L0148,BANCA MERCANTILE ITALIANA,,
L0149,MONTE DEI PASCHI DI SIENA,,
L0150,BANCO MORA,,
L0151,BANCA NAZIONAL DEL'AGRIOLTURA,,
L0152,BC NAZIONALE DEL LAVORO,,
L0153,BANCA NAZIONALE DELL'AGRICOLTURA,,
L0154,BANCA NAZIONALLE DELLE COMMUNICAZIONI,,
L0155,BANCA POPILARE ABRUZZESE MARCHIGIANA,,
L0156,BANCA POPOLARE COOPERATIVA DI PESCOPAGANO,,
L0157,BANCA POPLARE DI ASOLO E MONTEBELLUNA,,
L0158,BANCA POPOLARE DI BARI,,
L0159,BANCA POPOLARE DI LODI,,
L0160,BC POPOLARE DI MILANO,,
L0161,BC POPOLARE DI NOVARA,,
L0162,BANCA POPLARE DI PADOVA TREVISO E ROVIGO,,
L0163,BANCA POPLARE DI PALERMO,,
L0164,BANCA POPOLARE DI PARABITA E ARADEO,,
L0165,BANCA POPLARE DI VICENZA,,
L0166,BANCA POPLARE MASSICANA,,
L0167,BC PROVINCIALE LOMBARDA,,
L0168,BC SERFIN SA,,
L0169,BANCA TOSCANA,,
L0170,BC UNIONE DI CREDITO,,
L0171,BANCO AMBROSIANO OVERSEAS (NASSAU),,
L0172,BANCO ANGLO COLOMBIANO (NASSAU),,
L0173,BC ARABE ESPANOL SA,,
L0174,BANCO ATLANTICO S.A.,,
L0175,BANCO AUXILIAR,,
L0177,BANCO BILBAOVIZCAYA,,
L0178,BANCO BORGES Y IRMAO,,
L0179,BANCO CAFETERO,,
L0180,BC CENTRAL SA (UK),,
L0181,BC COMERCIAL PARA AMERICA SA,,
L0182,BANCO COMMERCIAL TRANSATLANTICO,,
L0183,BC COMMERCIO E INDUSTRIA SAO PAULO,,
L0184,BANCO CONSOLIDADO,,
L0185,BANCO CREDITO Y AHORRO PONCENO,,
L0186,BANCO DE ANDALUCIA,,
L0187,BANCO DE ANDES Y DE ESPANA,,
L0189,BC DE BILBAO,,
L0190,BC DE BOGOTA SA (PAN.),,
L0191,BANCO DE CHILE,,
L0192,BC DE COLOMBIA SA,,
L0193,BC DE COMERCIO SA,,
L0194,BANCO DE CREDITO DEL PERU,,
L0195,BANCO DE CREDITO E INVERSIONES,,
L0196,BANCO DE CREDITO INDUSTRIAL,,
L0197,BANCO DE CREDITO LOCAL,,
L0198,BANCO DE EUROPA,,
L0199,BANCO DE FINANCIACION INDUSTRIAL,,
L0200,BANCO DE FINANZAS,,
L0201,BANCO DE FOMENTO NACIONAL (BRUSSELS),,
L0203,BC DE LA NACION ARGENTINA,,
L0204,BANCO DE LA PEQUENA Y MEDIANA EMPRESA,,
L0205,BC DE REBUBLICA ORIENTAL DEL URUGUAY,,
L0206,BANCO DE LONDRES Y MEXICO S.A.,,
L0207,BC DE MADRID,,
L0209,BANCO DE PROGRESO,,
L0210,BC DE PROVINCIA DE BUENOS AIRES,,
L0211,BC DE RESERVAS REPUBLICA DOMINICANA,,
L0212,BC DE SABADELL SA,,
L0213,BC DE SANTANDER INT.,,
L0215,BANCO DE TOLEDO,,
L0216,BC DE VIZCAYA,,
L0217,BANCO DEL ESTADO DE CHILE,,
L0218,BC DI NAPOLI,,
L0219,BC DI ROMA,,
L0220,BC DI SANTO SPIRITO,,
L0221,BANCO DI SARDEGNA,,
L0222,BC DI SICILIA,,
L0223,BANCO DI SOMA,,
L0224,BC DO BRASIL SA,,
L0226,BC DO ESTADO DE SAO PAULO SA,,
L0227,BANCO ECONOMICO (CAYMAN ISLANDS),,
L0228,BC ESPANOL DE CREDITO,,
L0229,BC ESPANOL EN ALEMANIA,,
L0230,BANCO ESPIRITO SANTO,,
L0231,BC EXTERIOR DE ESPANA SA,,
L0232,BANCO EXTEBANDES,,
L0233,BANCO EXTERIOR FRANCE,,
L0234,BANCO FONSECAS E BURNAY,,
L0235,BANCO GANADERO (PANANMA),,
L0236,BC GUIPUZCOANO SA,,
L0237,BANCO HERRERO,,
L0238,BANCO HISPANO AMERICANO,,
L0239,BANCO HISPANO INDUSTRIAL,,
L0240,BANCO INDUSTRICAL DE BILBAO,,
L0241,BANCO INDUSTRIAL DE CATALUNA,,
L0242,BC INDUSTRIAL DE VENEZUELA CA,,
L0243,BANCO INTERCONTINENTAL ESPANOL,,
L0244,BC INTERNATIONAL SA,,
L0245,BANCO INTERNACIONAL DE COLOMBIA,,
L0246,BC INT. DE COMERCIO SA,,
L0247,BC INTERNACIONAL SA,,
L0248,BC INTERNATIONAL DE COSTA RICA,,
L0249,BC ITAU SA (US),,
L0250,BANCO LARIANO,,
L0251,BC LATINOAMERICANO DE EXPORTACIONES,,
L0252,BC MERCANTIL DE SAO PAULO (UK),,
L0253,BC MERCANTIL DE TARRAGONA,,
L0254,BC MERCANTIL VENEZOLANA NV,,
L0255,BC MERCANTIL Y AGRICOLA CA (VEN.),,
L0256,MEXICAN BANK LTD.,,
L0257,BANCO NACIONAL,,
L0258,BC NACIONAL DE DESARROLLO,,
L0259,BC NACIONAL DE MEXICO SA,,
L0261,BANCO NACIONAL DE PANAMA,,
L0262,BC NACIONAL SA (US),,
L0263,BANCO NACIONAL ULTRAMARINO,,
L0264,BANCO NATWEST MARCH,,
L0265,BANCO NORDESTE DE SAO PAULO,,
L0266,BANCO PASTOR,,
L0267,BC PINTO & SOTTO MAYOR (PARIS),,
L0268,BANCO POPULAR,,
L0269,BC POPULAR DE PUERTO RICO,,
L0270,BANCO POPULAR ESPANOL,,
L0271,BANCO POPULAR INDUSTRIAL,,
L0272,BC PORTUGUESE DO ATLANTICO,,
L0273,BANCO PROVINCIAL OVERSEAS,,
L0274,BANCO REAL S.A.,,
L0275,BC RIO DE LA PLATA SA (US),,
L0276,BANCO DE SANTANDER DE NEGOCIOS,,
L0277,BC SAUDI ESPANOL SA,,
L0278,BC TOTTA & ACORES,,
L0279,BANCO URQUIJO UNION SA,,
L0280,BANCO URQUIJO,,
L0281,BC URQUIJO HISPANO AMERICANO LTD,,
L0282,BC ZARAGOZANO SA,,
L0283,BANCOM DEVELOPMENT CORP,,
L0284,BANCOM INT. LTD,,
L0285,BANCONE PHIO,,
L0286,BANGKOK BANK LTD (UK),,
L0287,BANGKOK METROPOLITAN BANK,,
L0288,BANK AL JAZIRA,,
L0289,BANK BUMI DAYA,,
L0290,BK BUMIPUTRA MALAYSIA BHD (BAHRAIN),,
L0291,BANK CANTRADE,,
L0292,BANK FOR BONDSSPAARBANKER,,
L0293,PT BANK DUTA,,
L0294,"BANK FOR CO-OPERATIVES (JACKSON, MISSISSIPPI)",,
L0295,BANK FOR CREDIT & FOREIGN COMMERCE OVERSEAS,,
L0296,BANK FOR FOREIGN TRADE OF THE U.S.S.R.,,
L0299,BK FUR ARBEIT & WIRTSCHAFT AG,,
L0300,BK FUR GEMEINWIRTSCHAFT AG,,
L0301,BANK FUR HANDEL UND EFFEKTTEN HANDELSBANK,,
L0302,BK FUR HANDEL & INDUSTRIE AG,,
L0303,BK FUR KARNTEN,,
L0304,BK FUR KREDIT UND AUSSENHANDEL AG,,
L0305,BK FUR OBEROSTERREICH UND SALZBURG,,
L0306,BANK GUTZWILLER KURZ BUNGENER,,
L0307,BK IN LIECHTENSTEIN,,
L0308,BANK INTER,,
L0309,BANK INTERCONTINENTAL ESPANOL,,
L0310,BANK IPPA,,
L0311,BK JULIUS BAER INT. LTD,,
L0312,BK LEU AG,,
L0313,BANK LEUMI,,
L0314,BK MEES & HOPE NV,,
L0315,BK MELLI IRAN,,
L0316,BK NEGARA INDONESIA 1946 (HKG.),,
L0317,BANK OF AMERICA N.T. & S.A.,,
L0318,BK OF BAHRAIN & KUWAIT,,
L0319,BANK OF BAHRAIN AND THE MIDDLE EAST,,
L0320,BK OF BARODA,,
L0321,BANK OF BOSTON,,
L0322,BANK OF BRITISH COLUMBIA,,
L0323,BK OF CALIFORNIA N. INT.,,
L0324,BANK OF CANADA (OVERSEAS),,
L0325,BK OF CANTON LTD,,
L0326,BK OF CHINA,,
L0327,BK OF COMMUNICATIONS (TAIWAN),,
L0328,BK OF CREDIT & COMMERCE INT. SA,,
L0329,BANK OF EAST ASIA,,
L0330,BANK OF FUKUOKA,,
L0331,BK OF HAWAII,,
L0332,BANK OF HELSINKI,,
L0333,BANK OF HIROSHIMA,,
L0334,BANK OF INDIA,,
L0335,BANK OF INTERNATIONAL CREDIT (NASSAU),,
L0336,BK OF IRELAND,,
L0337,BK OF JAPAN,,
L0339,BK OF KUWAIT & THE MIDDLE EAST KSC,,
L0340,BK OF LONDON & MONTREAL LTD,,
L0341,BK OF LONDON & SOUTH AMERICA LTD,,
L0343,BANK OF NEW ENGLAND,,
L0344,BK OF NEW SOUTH SOUTH WALES (SING.),,
L0345,BK OF NEW YORK,,
L0346,BK OF NEW ZEALAND,,
L0348,BANK OF OMAN,,
L0349,BANK OF OSAKA,,
L0350,BK OF SCOTLAND,,
L0351,BANK OF SINGAPORE (AUSTRALIA),,
L0352,BANK OF TAIWAN,,
L0353,BOT INTERNATIONAL,,
L0354,BANK OF THE RYUKYUS,,
L0355,BANK OF THE SOUTH WEST,,
L0358,BANK OF VIRGINIA (BAHAMAS),,
L0359,BANK OF WALES,,
L0360,BK OF YOKOHAMA LTD,,
L0361,BANK ONE OF COLUMBUS,,
L0362,BK OPPENHEIM PIERSON INT. SA,,
L0363,BK POLSKA KASA OPIEKI SA (FR.),,
L0364,BANK RAKYAT INDONESIA,,
L0365,BK SADEPAT IRAN,,
L0366,BANKERS TRUST INT. LTD,,
L0367,BANKHAUS DONNER,,
L0368,BANKHAUS FEICHTNER & CO AG,,
L0369,BH HERMANN LAMPE KG,,
L0370,BANKINVEST,,
L0371,BANKVEREIN,,
L0372,BANQUE ALGERIENNE DE COMMERCE EXTERIEUR,,
L0374,BANQUE ARABA PRIVE,,
L0375,BQ ARABE & INT. D'INVESTISSEMENT,,
L0376,BQ BELGE LTD,,
L0378,BANQUE BELGE POUR I'ETRANGER (BELGIAN BANK),,
L0379,BQ BELGE POUR L'INDUSTRIE SA,,
L0380,BQ BRUXELLES LAMBERT SA,,
L0381,BANQUE CANADIENNE NATIONALE,,
L0382,BANQUE CANTONALE DE BALE,,
L0383,BANQUE CANTONALE DE ZURICH,,
L0384,BANQUE CANTONALE VAUDOISE,,
L0385,BANQUE CENTRAL DE CO-OPERATIVES ET DES MEUTUELLES,,
L0386,BANQUE CHABBI DU MAROC,,
L0387,BQ COMMERCIALE POUR L'EUROPE DU NORD,,
L0388,BQ CONTINENTALE DU LUXEMBOURG SA,,
L0389,BANQUE DE BRUXELLES S.A.,,
L0390,BANQUE DE COMMERCE,,
L0391,BANQUE DE COMMERCE ET DE PLACEMENTS,,
L0392,HANDELSBANK,,
L0393,BANQUE DE GESTION PRIVEE-SIB,,
L0394,BANQUE DE L'UNION EUROPEENNE,,
L0395,BANQUE DE L'UNION MARITIME ET FINANCIERE,,
L0396,BQ DE LA SOCIETE FIN. EUROPEENNE,,
L0397,BQ DE LUXEMBOURG SA,,
L0398,"BQ DE NEUFLIZE, SCHLUMBERGER, MALLET",,
L0399,PARIBAS ASIA LTD,,
L0400,BANQUE DE SUEZ ET DE L'UNION DES MINES,,
L0401,BQ DE SUEZ-ITALIA SPA,,
L0402,BANQUE DEMACHY ET ASSOCIES,,
L0403,BQ DU BENELUX SA,,
L0404,BQ DU CAIRE (S. ARABIA),,
L0405,BANQUE EROPEENNE DE CREDIT,,
L0408,BQ EUROPEENNE POUR L'AMERIQUE LATINE,,
L0409,BQ FEDERATIVE DU CREDIT MUTUEL SA,,
L0410,BQ FRANCAISE DE CREDIT INT. LTD,,
L0412,BQ FRANCAISE DU COMMERCE EXTERIEUR,,
L0413,BQ SUDAMERIS,,
L0414,BQ FRANCO-ALLEMANDE SA,,
L0415,BQ FRANCO-PORTUGAISE,,
L0416,BQ FRANCO-ROUMAINE SA,,
L0417,BQ GENERALE DU LUXEMBOURG SA,,
L0418,BANQUE HERVET,,
L0419,BQ DE L'INDOCHINE & DE SUEZ,,
L0420,BANQUE INTERCONTINENTALE ARABE,,
L0421,BQ INT. A LUXEMBOURG SA,,
L0422,BANQUE INTERNATIONALE ARABE,,
L0423,BANQUE INTERNATIONALE DE COMMERCE (BOOKS),,
L0424,BANQUE INTERNATIONALE GESTION ET DE TRESORERIE,,
L0425,BANQUE INTERCONTINENTALE DE MONACO RICHARD DAUS,,
L0426,BANQUE INTERNATIONAL DE PLACEMENT,,
L0427,BQ INT. POUR L'AFRIQUE OCCIDENTALE SA,,
L0428,BANQUE INTERNATIONALE POUR LE COMMERCE ET L'INDUSTRIE DU CAMEROUN,,
L0429,BQ INT. POUR FIN. L'ENERGIE NUCLEAIRE,,
L0430,BANQUE IPPA,,
L0431,BANQUE LAMBERT S.C.S.,,
L0432,BANQUE LIBANO-FRANCAISE,,
L0433,BQ LOUIS-DREYFUS,,
L0434,BQ MAROCAINE DU COMMERCE EXTERIEUR,,
L0436,BQ NORDEUROPE SA,,
L0437,BANQUE PETROFIGAZ,,
L0438,BANQUES POPULAIRES,,
L0439,BANQUE PRIVEE DE GESTION,,
L0440,BQ REGIONALE D'ESCOMPTE ET DE DEPOTS,,
L0441,BQ RIVAUD SA,,
L0442,BQ ROTHSCHILD,,
L0443,BQ SCANDINAVE EN SUISSE,,
L0444,BANQUE TRANSATLANTIQUE,,
L0445,BANQUE UCL SA,,
L0446,BANQUE VERNES ET COMMERCIALE DE PARIS,,
L0447,BQ VEUVE MORINS-PONS SA,,
L0448,BANQUE WEDGE,,
L0449,BANQUE WORMS,,
L0450,BARBADOS NATIONAL BANK,,
L0452,BARING BROTHERS & CO. LTD.,,
L0453,BASTOGI INTERNATIONAL LTD,,
L0454,BAYBANK BOSTON,,
L0455,BAYERISCHE HYPOTHEKEN,,
L0456,BAYERISCHE LANDESBK GIROZENTRALE,,
L0457,BAYERISCHE VEREINSBANK AG,,
L0458,BBI,,
L0460,BCI,,
L0461,BCOM FINANCE,,
L0462,BEAL,,
L0463,BEC,,
L0464,BEG BANK,,
L0465,BEII,,
L0466,BELGAMANCHE,,
L0467,BELGIAN BANK,,
L0468,BELGIAN FINANCE CO LTD,,
L0469,BENEFICIAL LEASING PTY,,
L0470,BEQ BANK,,
L0471,BERGEN BANK,,
L0473,BERGENS PRIVATBANK,,
L0474,BERLINER BANK AG,,
L0475,BERLINER HANDELS & FRANKFURTER BANK,,
L0477,BHF-BANK-DGK INT.,,
L0478,BIAO,,
L0480,BIGT,,
L0481,BIKUBEN SAVINGS BANK,,
L0482,BILBAO INTERNATIONAL BANK (JERSEY),,
L0483,BILL ACCEPTANCE CORP,,
L0484,BIMP,,
L0485,BISHOPS INT. BANK LTD,,
L0486,BLYTH EASTMAN DILLON & CO INT. LTD,,
L0487,BLYTH EASTMAN PAINE WEBBER INT. LTD,,
L0488,BMCE,,
L0489,BOLSA,,
L0490,BONDERNES BANK MIDDEN,,
L0491,BOOK CLUB FINANCE & SECURITIES CO,,
L0492,BOSTON AUSTRALIA LTD,,
L0493,BP FINANCE INTERNATION,,
L0494,BPI INVESTMENT CORP,,
L0495,BRASILIAN-AMERICAN MERCHANT BANK,,
L0496,BREMER LANDESBANK,,
L0497,BRITISH & COMMONWEALTH MERCHANT BANK,,
L0498,BRITISH BANK OF THE MIDDLE EAST,,
L0499,BRITISH COLUMBIA FIN. CORP (HKG.) LTD,,
L0500,BRITISH LINEN BANK LTD,,
L0502,"BROWN, SHIPLEY & CO LTD",,
L0503,BSFE,,
L0504,BT ASIA LTD,,
L0505,BT AUSTRALIA,,
L0506,BT BANK OF CANADA,,
L0507,B.T. CAPITAL SERVICES LTD.,,
L0508,BT COMMERCIAL CO,,
L0510,BUE ASIA,,
L0511,BUMIPUTRA MERCHANT BANKERS BHD,,
L0512,BURGAN BANK SAK (KUWAIT),,
L0513,BURKE FINANCIAL SERVICES,,
L0514,BURMAH GROUP TREASURY,,
L0516,BUSKERUDBANKEN,,
L0517,BUTLER SECURITIES,,
L0518,BULTER TILL,,
L0519,C ITOH,,
L0520,CAISSE CENTRALE DES BOS POPULAIRES,,
L0521,CAISSE CENTRALE DES JARDINS DU QUEBEC,,
L0522,CAISSE CENTRALE DU CREDIT MUTUEL,,
L0523,CAISSE D'EPARGNE DE I'ETAT,,
L0524,CDPQ,,
L0525,CAISSE DES DEPOTS ET CONSIGNATIONS,,
L0526,CAISSE FEDERALE DU CREDIT MUTUEL DE BRETAGNE,,
L0527,CAISSE FEDERALE DU CREDIT MUTUEL OCEAN,,
L0528,CAISSE NATIONALE DE CREDIT AGRICOLE,,
L0529,CAIXA D'ESTALVIS DE CATALUNYA,,
L0530,CAIXA D'ESTAVIS I MONT DE PIETAT,,
L0531,CAIXA DE BARCELONA,,
L0532,CAIXA DE CATALUNYA,,
L0533,CAIXA DE PENSIONES,,
L0534,CAICA DE PENSIONS 'LA CAIXA',,
L0535,CAIXA GERAL DE DEPOSITOS,,
L0536,CAJA AHORROS Y MONTE PIEDAD ZARAGOZA,,
L0537,CAJA BARNA,,
L0538,CAJA DE AHORROS DE GALICIA,,
L0539,CAJA DE AHORRONS DE SORIA,,
L0540,CAJA DE AHORRONS DE ALBACETE,,
L0541,CAJA DE AHORRONS DE CASTILLON,,
L0542,CAJA DE AHORRONS DE CATALUNA,,
L0543,CAJA DE AHORRONS DE CUENCA,,
L0544,CAJA DE AHORRONS DE LEON,,
L0545,CAJA DE AHORRONS DE ORENSE,,
L0546,CAJA DE AHORRONS DE PAMPLONA,,
L0547,CAJA DE AHORRONS DE SABADELL,,
L0548,CAJA DE ABORROS DE PENEDES,,
L0549,CAJA DE ABORROS LAYETRANA,,
L0550,CAJA DE AHORROS MUNICIPAL DE BILBAO,,
L0551,CAJA DE AHORROS MUNICIPAL DE BURGOS,,
L0552,CAJA DE AHORRONS DE SAN SEBASTIAN,,
L0553,CAJA DE AHORROS PROVINCIAL DE ALAVA,,
L0554,CAJA DE AHORROS PROVINCIAL DE GUIPUZCOA,,
L0555,CAJA PROVINCIAL DE ZAMORA,,
L0556,CAJA DE AHORROS VIZCAINA,,
L0557,CAJA AHORROS MONTE PIEDAD BARCELONA,,
L0558,CAJA A CADIZ,,
L0559,CAJA DE ABORNOS Y MONTE DE PIEDAD DE LA CUIDAD DE VITORIA,,
L0560,CAJA DE MADRID,,
L0561,CAJA DE AHORROS Y MONTE DE PIEDAD DEL CATOLICO DE NAVARRA,,
L0562,CAJA DE AHORROS Y MONTE DE PIEDAD DEL CATOLICO DE OBREROS DE BURGOS,,
L0563,CAJA DE AHORROS Y MONTE DE PIEDAD DEL CATOLICO DE PONTEVEDRA,,
L0564,CAJA DE AHORROS Y MONTE DE PIEDAD DEL CATOLICO DE VIGO,,
L0565,CAJA DE CATALUNA,,
L0566,CAJA DE PEN. PARA VEJEZ Y DE AHORROS,,
L0567,CAJA POSTA,,
L0568,CALIBER SA.,,
L0569,CALIFORNIA TRUST BK,,
L0570,CANADIAN AMERICAN BANK SA,,
L0571,CANADIAN EASTERN FINANCE,,
L0573,CANARA BANK,,
L0574,CAPEL COURT,,
L0575,CAPITALFIN D.G. BANK INTERNATIONAL LTD.,,
L0577,CARIPLO,,
L0578,CARL KIERUIF & CO,,
L0579,CARL KIERULF & CO,,
L0580,CAROLINA BANK,,
L0581,CARTARET SAVINGS & LOAN ASSOCIATION,,
L0582,CASSA DI RISPARMIO DELLE MARCA TRIVIGIANA,,
L0583,CASSA DI RISPARMIO DELLE PROVINCIE LOMBARDE (NEW YORK),,
L0584,CASSA DI RISPARMIO DI CARRARA,,
L0585,CASSA DI RISPARMIO DI FERMO,,
L0586,CASSA DI RISPARMIO DI GENOVA E IMPERIA,,
L0587,CASSA DI RISPARMIO DI LUCCA,,
L0588,CASSA DI RISPARMIO DI RAVENNA,,
L0589,CASSA DI RISPARMIO DI RIETI,,
L0590,CASSA DI RISPARMIODI ROMA,,
L0591,CASSA DI RISPARMIO DI TORINO,,
L0592,CASSA DI RISPARMIO DI TORTONA,,
L0593,CASSA DI RISPARMIO DI VERONA VICENZA BELLUNO,,
L0594,CATER ALLEN,,
L0595,CAWT,,
L0596,CAZAR,,
L0597,CAZENOVE,,
L0598,CBT,,
L0599,CCF,,
L0600,CCIC FINANCE LTD,,
L0601,CDFC,,
L0602,CECA,,
L0603,CECA CAJA DE BARCELONA,,
L0604,CEF CAPITAL,,
L0605,CENTERRE BANK,,
L0606,CENTRAL BANK OF THE BAHAMAS,,
L0607,DUTCH CENTRAL BANK,,
L0608,CENTRAL-EUROPEAN INT. BANK LTD,,
L0609,CENTRAL NATIONAL BANK OF CLEVELAND,,
L0612,CENTRAL TRUSTEE SAVINGS BANK LTD,,
L0613,CENTRAL WECHSEL-UND CREDITBANK,,
L0614,CENTRALE SPARCASSE,,
L0615,CENTROFINANZIARIA,,
L0616,CENTRUST SAVING BANK,,
L0618,CHANCERY SECURITIES FINANCIAL SERVICES,,
L0619,CHARTERHOUSE JAPHET LTD,,
L0620,CHASE MANHATTAN BANK,,
L0621,CHEKING FIRST BANK,,
L0622,CHEMICAL BANK INT. LTD,,
L0623,CHEMICAL-SANWA MERCHANT BANK,,
L0624,CHIBA BANK,,
L0625,CHICAGO MERCANTILE EXCHANGE,,
L0626,CHICAGO-TOKYO BANK,,
L0627,CHIME SOGO BANK,,
L0628,CHINA & SOUTH SEA BANK LTD,,
L0629,CHINA DEVELOPMENT FINANCE CO (HK),,
L0630,CHINA INTERNATIONAL FINANCE CORP,,
L0631,CHIYODA MUTUAL LIFE INSURANCE,,
L0632,CHO-HUNG BANK,,
L0633,CHRISTIANIA BK OG KREDITKASSE,,
L0634,CHUGOKU BANK,,
L0635,CHUO TRUST & BANKING CO LTD,,
L0636,CIA PRIVATA FINANZA INVESTIMENTI SPA,,
L0637,CIAL,,
L0638,CIC,,
L0639,CISALPINE OVERSEAS BANK LTD,,
L0640,THE CIT GROUP,,
L0641,CITIC INDUSTRIAL BANK,,
L0642,CITIBANK NA,,
L0643,CITIZENS AND SOUTHERN NATIONAL BANK,,
L0644,CLEVELAND TRUST CD,,
L0645,CLYDESDALE BANK LTD,,
L0646,CMIC FINANCE & SECURITIES CO,,
L0648,CO-OPERATIVE BANK,,
L0649,COFIRI SPA,,
L0650,COLES-MYER,,
L0651,COLONIAL BANK,,
L0652,COMERICA ASIA,,
L0653,COMIND,,
L0654,COMMERCE BANK OF SINGAPORE,,
L0655,COMMERCE INTERNATIONAL TRUST LTD,,
L0656,COMMERCE UNION BANK,,
L0657,COMMERCIAL BANK,,
L0658,COMMERCIAL BK OF AUSTRALIA LTD,,
L0659,COMMERCIAL BANK OF DUBAI,,
L0660,COMMERCIAL BK OF KUWAIT SAK,,
L0661,COMMERCIAL BK CO OF SYDNEY LTD,,
L0662,COMMERCIAL CONTINENTAL,,
L0663,COMMERCIAL CREDIT INTERNATIONAL BANKING CORP,,
L0666,COMMONWEALTH TRADING BK OF AUSTRALIA,,
L0668,CIE FINANCIERE LUXEMBOURG SA,,
L0669,COMPAGNIE LUXEMBOURGEOISE DE BANQUE S.A.,,
L0670,COMPAGINIE LUXEMBOURGEOISE DE LA DRESDNER BANK,,
L0671,COMPANIE MONEGASQUE DE BANQUE,,
L0672,COMPANIA TELEFONICA NACIONAL DE ESPANA,,
L0673,CONFEDERACION ESPANOLA DE CAJAS DE AHORRO,,
L0674,COFEDREATION DE CATAS GROUP,,
L0675,CONGRESS FINANCIAL CORP,,
L0676,CONNETICUT BANK & TRUST,,
L0677,CONNECTICUT NATIONAL BANK,,
L0678,CONSOLIDATED BANK,,
L0680,CONTINENTAL BANK OF CANADA,,
L0681,CONTINENTAL BANK,,
L0682,CONTINENTAL ILLINOIS,,
L0684,COOPERATIEVE CENTRALE RAIFFEISEN-BOERENLEENBANK G.A.,,
L0685,KJOBENHAVNS HANDELSBANK,,
L0686,CORPFINANCE INTERNATIONAL,,
L0687,COUNTY BANK LTD,,
L0688,CREDIOP,,
L0689,CREDIT AGRICOLE,,
L0690,CREDIT AND FINANCE CORP LTD,,
L0691,CREDIT CHIMIQUE,,
L0692,CREDIT COMMERCIAL DE FRANCE,,
L0693,CREDIT COMMUNAL DE BELGIQUE SA,,
L0695,CREDIT DES BERGUES,,
L0696,CREDIT DU NORD SA,,
L0697,CREDIT EUROPEEN SA,,
L0698,CREDIT & FINANCE CORP LTD,,
L0699,CREDIT FONCIER DE FRANCE,,
L0700,CREDIT GENERAL SA DE BANQUE,,
L0701,CRED. IND. ALSACE ET LORRAINE SA,,
L0702,CREDIT INDUSTRIEL DE L'OUEST,,
L0703,CREDIT INDUSTRIEL ET COMMERCIAL,,
L0705,CREDIT NATIONAL,,
L0706,CREDIT NAVAL,,
L0707,CREDIT ROMAGNOLO,,
L0709,CSFB,,
L0710,CREDITANSTALT-BANKVEREIN,,
L0711,CREDITCORP INTERNATIONAL,,
L0712,CREDITTTO ARTIGIANO,,
L0713,CREDITO COMMERCIALE,,
L0714,CREDITO EMILIANO,,
L0715,CREDITO ITALIANO,,
L0716,CREDITTTO LOMBARDO,,
L0717,CREDITO ROMANGNOLO,,
L0718,CREDITO VARASINO,,
L0719,CREDITWEST,,
L0721,CROCKER NATIONAL BANK,,
L0722,CROWN LEASING (USA),,
L0723,CSFV,,
L0724,CSL GROUP LTD,,
L0726,CTB AUSTRALIA,,
L0727,CTSB,,
L0728,CUSTOM CREDIT CORP,,
L0729,DAI-ICHI KANGYO BANK LTD,,
L0730,DAI-ICHI MUTUAL LIFE INSURANCE CO,,
L0731,DAI-TOKYO FIRE & MARINE INSURANCE CO,,
L0732,DAIDO MUTUAL LIFE INSURANCE CO,,
L0733,DAIHYAKU MUTUAL LIFE INSURANCE COMPANY,,
L0734,DAI-HYAKU MUTUAL LIFE INSURACE CO,,
L0735,DAI SAN SOGO BANK,,
L0736,DAISHI BANK,,
L0737,DAIWA BANK LTD,,
L0738,DAIWA SECURITIES,,
L0740,DANISH INDUSTRIALISATION FUND FOR DEVELOPING COUNTRIES,,
L0741,DAO HENG BANK,,
L0742,DEAN WITTER CAPITAL MARKETS-INTERNATIONAL,,
L0743,DELTEC BANKING CORP. LTD.,,
L0744,DEN DANSKE BANK,,
L0745,DEN NORSKE CREDITBANK,,
L0746,DEPOSIT GUARANTY NATIONAL BANK,,
L0747,DETROIT BANK & TRUST,,
L0748,DEUTSCH-SUDAMERIKANISCHE BANK AG,,
L0749,DEUTSCHE SKANDINAVISCHE BK AG,,
L0751,DEUTSCHE HYPOTHEKENBANK AG,,
L0752,DEUTSCHE LAENDERBANK AG,,
L0753,DEUTSCHE SIEDLUNGS-UND LANDESRENTENBANK,,
L0755,DEUTSCHE-SUEDAMERIKANISCHE,,
L0758,DEVELOPMENT BANK OF SINGAPORE LTD,,
L0759,DEVELOPMENT BANK OF ZAMBIA,,
L0760,DEVELOPMENT FINANCE CORP OF NEW ZEALAND,,
L0761,DFC OVERSEAS INVESTMENT,,
L0762,DG CAPITAL CO LTD,,
L0763,DHANA SIAM FINANCE & SECURITIES CO,,
L0764,DIAMOND LEASE CO,,
L0765,ERSTE OESTERREICHISCHE SPAR-CASSE,,
L0766,"DILLON, READ & CO.",,
L0767,DISBANK,,
L0768,DISCOUNT BANK,,
L0769,DNC AMERICA BANKING CORP,,
L0770,DNC,,
L0771,DOA FIRE&MARINE INSURANCE,,
L0772,DONAU BANK,,
L0773,DONKER EN KRAMER,,
L0774,DOW BANKING CORP.,,
L0775,DOWA FIRE & MARINE INSURANCE CO,,
L0777,DREXEL BURNHAM LAMBERT,,
L0778,DUBAI BANK,,
L0779,E.F. HUTTON INT.,,
L0780,EAST ASIA WARBURG,,
L0781,EAST-WEST UNITED BANK SA,,
L0782,EDINGTON,,
L0783,EDWARD BATES & SONS LTD.,,
L0784,EENGELHARD INDUSTRIES PTY,,
L0785,EGEBANK,,
L0786,EGYPTIAN AMERICAN BANK,,
L0787,EIRC LTD,,
L0788,A/S EKSPORTFINANS,,
L0789,ELDER'S FINANCE & INVESTMENT CO,,
L0790,ELDERS IXL,,
L0791,ELDERS PACIFIC,,
L0792,ELDERS PICA,,
L0793,ELECTRO BANQUE,,
L0794,EMIRATES NATIONAL BANK,,
L0795,EFISA - ENGENHARIA FINANCERA SA,,
L0796,ENI INTERNATIONAL BANK,,
L0797,ENSDDA SECURITIES,,
L0798,EPTACONSORS,,
L0799,EQUATOR BANK LTD,,
L0800,EQUIBANK NA,,
L0801,EQUITABLE LIFE ASSURANCE SOCIETY OF THE UNITED STATES,,
L0802,EQUITABE REAL ESTATE CAPITAL MARKETS,,
L0803,ERGOBANK SA,,
L0804,ESANDA,,
L0805,ETIBANK,,
L0806,EURAMERICA INTERNATIONAL BANK LTD.,,
L0807,EURASCO AG,,
L0808,EURO-LATINAMERICAN BANK LTD,,
L0809,EUROBANK,,
L0810,EUROBRAZ,,
L0811,EUROMOBILIARE SPA,,
L0813,EUROPARTNERS BANK (NEDERLAND) NV,,
L0814,EUROPEAN-AMERICAN BANK AND TRUST CO.,,
L0815,EUROPEAN ARAB BANK GROUP,,
L0816,EUROPEAN ASIAN BANK,,
L0817,EUROPEAN BANKING CO LTD,,
L0818,EUROPEAN BRAZILIAN BANK LTD.,,
L0819,EIB,,
L0820,EUROPEAN AMERICAN BANKING CORP,,
L0821,EXCHANGE NATIONAL BANK,,
L0823,EXPORT DEVELOPMENT CORP,,
L0824,JAPAN EXIMBANK,,
L0825,US EXIMBANK,,
L0826,F. VAN LANSCHOT BANKIERS,,
L0827,FAELLESBANKEN FOR DANMARKS SPAREKASSER,,
L0828,FAYSAL ISLAMIC BAKN OF BAHRAIN,,
L0829,FAMILY BANK AND TRUST CO,,
L0830,FEDERAL COMMERCIAL BANK,,
L0831,FENNOSCANDIA,,
L0832,FIDELITY UNION TRUST CO.,,
L0834,FIDELITY BANK,,
L0835,FILINVEST FINANCE (HK),,
L0837,FINANCE&CREDIT CORP,,
L0838,FINANCIAL GROUP OF KUWAIT KSC,,
L0839,FINANSHUSET A/S,,
L0840,FINANZ AG (ZURICH),,
L0841,FINBAN SPA,,
L0842,FINCOMIT,,
L0843,FINCORP LTD,,
L0844,FINEUROP,,
L0845,FINNAT SPA,,
L0846,FINNISH EXPORT CREDIT,,
L0847,FIRST AMERICAN BANK OF NEW YORK,,
L0848,FIRST AUSTRIAN BANK,,
L0849,FIRST BANK,,
L0850,FIRST BRITANNIA MEZZANINE FUND,,
L0851,FIRST CANADIAN FINANCIAL CORP LTD,,
L0852,FIRST CITY CAPITAL CORP,,
L0853,FIRST CITY DALLAS,,
L0854,FIRST CITY NAT. BANK OF HOUSTON,,
L0855,FIRST CITY TEXAS,,
L0856,FIRST CORPORATE FINANCE,,
L0858,FIRST FIEDELITY BANK,,
L0859,FIRST HAWAIIAN BANK,,
L0860,PT FIRT INDONESIAN FIN. & INV. CORP,,
L0861,FIRST INT. (PACIFIC) LTD,,
L0862,FIRST INTERNATIONAL BANCSHARES LTD.,,
L0863,FIRST INTERSTATE ASIA,,
L0864,FIRST INTERSTATE BANK OF ARIZONA,,
L0865,FIRST INTERSTATE BANK OF CALIFORNIA,,
L0866,FIRST INTERSTATE BANK OF CANADA,,
L0867,FIRST INTERSTATE BANK OF OREGON,,
L0868,FIRST INTERSTATE BANK OF WASHINGTON,,
L0869,FIRST NATIONAL,,
L0870,FIRST NATIONAL BANK IN DALLAS,,
L0871,FIRST NATIONAL BANK IN ST. LOUIS,,
L0872,FIRST NATIONAL BANK OF AKRON,,
L0873,FIRST NATIONAL BANK OF ATLANTA,,
L0874,FIRST NATIONAL BOSTON LTD,,
L0875,FIRST CHICAGO CORPORATION,,
L0876,FIRST NATIONAL BANK OF COMMERCE,,
L0877,FIRST NATIONAL BANK OF MARYLAND,,
L0878,FIRST NATIONAL BANK OF MEMPHIS,,
L0879,FIRST NAT. BANK OF MINNEAPOLIS,,
L0881,FIRST NATIONAL BANK OF PENNSYLVANIA,,
L0883,FIRST NATIONAL SECURITIES,,
L0884,FIRST NATIONAL STATE BANK OF NEW JERSEY,,
L0885,FIRST PENNSYLVANIA BANK NA,,
L0886,FIRST PHILIPPINES CAPITAL CORP,,
L0887,FIRST SAUDI CORP,,
L0888,FIRST SECURITIES BANK OF UTAH,,
L0889,FIRST STATE BANK OF OREGON,,
L0890,FIRST TNNESSEE BANK,,
L0891,FIRST UNION NATIONAL BANK OF NORTH CAROLINA,,
L0893,FIRST WISCONSIN NATIONAL BANK OF MILWAUKEE,,
L0894,FIRST WISCONSIN SECURITIES CORP.,,
L0895,FISKERNES BANK,,
L0896,FLEET NATIONAL BANK,,
L0897,FOKUS BANK,,
L0899,FORRETNINGSBANKEN,,
L0900,FORFAITIERUNG & FINANZ AG,,
L0901,FORWARD TRUST CO,,
L0902,FRAB BANK INT.,,
L0904,FRENCH AMERICAN BANK CORP,,
L0905,FUJI BANK LTD,,
L0906,FUKOKU MUTUAL LIFE INSURANCE CO,,
L0907,FUKUOKA BANK,,
L0909,GE CAPTIAL,,
L0910,GEMINA SPA,,
L0911,GEMINI FINANCIAL SERVICES,,
L0912,GENERAL DE BANQUE BELGE,,
L0913,GENOSSENSCHAFTLICHE ZENTRA,,
L0914,GERRARD & NATIONAL PLC,,
L0915,GIRARD TRUST BANK,,
L0916,GIROZ. & BK DER OEST. SPARKASSEN AG,,
L0917,GIROZENTRALE VIENNA,,
L0918,GJENSIDIGE NORSK SKADEFORSIKRING,,
L0919,GOTA,,
L0920,GOLDEN STATE SANWA BANK,,
L0921,GOLDMAN SACHS INT. CORP,,
L0922,GOLDOME FSB,,
L0924,GOETABANKEN,,
L0925,GRAND METROPOLITAN FINANCE,,
L0926,GRAY DAWES BANK,,
L0927,GREAT PACIFIC FINANCE,,
L0928,GREENSHIELDS INC.,,
L0929,GRUNDIG BANK GMBH,,
L0930,GROUPO CONSOLIDADO,,
L0931,GUDBRANDSDAL SPAREBANSDAL SPAREBANK,,
L0932,GUDME RAASCHOU,,
L0933,GUINNESS MAHON,,
L0934,GULF BANK KSC,,
L0935,GULF INT. BANK,,
L0936,GULF INVESTMENT CORP,,
L0937,GULF RIYAD BK EC,,
L0938,H AND H FACTORS,,
L0939,HABIB BANK,,
L0940,HACHIJUNI BANK,,
L0941,HACHIPO BANK,,
L0942,HAFNIA MERCHANT BANK,,
L0943,HAIGTON EN RUTH,,
L0944,HAMBRECHT & QUIST,,
L0945,HAMBRO BANK LTD,,
L0946,HAMBURGISCHE LANDESBANK-GIROZENTRALE,,
L0947,HANDELSBANK N.W.,,
L0948,HANDELSFINANZ BANK,,
L0949,HANG SENG FINANCE LTD,,
L0950,HANSE BANK SA,,
L0951,HANSHIN SOGO BANK,,
L0952,HANSISCHE KAUFMANNS BANK,,
L0953,HARBORSIDE CORP,,
L0954,HARRIS TRUST & SAVINGS BANK,,
L0955,HARTFORD NATIONAL BANK,,
L0956,HAUSLAGE & CO KG,,
L0957,HAVANA INTERNATIONAL BANK LTD,,
L0958,HAWAII FINANCIAL CORP,,
L0959,HAWKER SIDDLEY,,
L0960,HEIWA LIFE INSURANCE CO,,
L0961,HELLER FINANCIAL,,
L0962,HENRY ANSBACHER & CO,,
L0963,HESSISCHE LANDESBANK-GIROZENTRALE,,
L0964,HFC TRUST,,
L0965,HIBERNIA NATIONAL BANK,,
L0966,HIDYUTI SUZUKI & CO,,
L0967,HIGO BANK,,
L0968,HILL SAMUEL & CO. LTD.,,
L0969,HIROSHIMA BANK,,
L0970,HOKKAIDO BANK,,
L0971,HOKKAIDO TAKUSHOKU BANK LTD,,
L0972,HOKKOKU BANK,,
L0973,HOKURIKU BANK,,
L0974,HOLANTSE BANK UNI (ISTANBUL),,
L0975,HOLBERG INC,,
L0976,HOLLANDSCHE BANK UNIE NV,,
L0978,HONG KONG FINTACRON LTD.,,
L0979,HONG KONG METROPOLITAN BANK,,
L0980,HONG LEUNG FINANCE,,
L0981,HONGKONG & SHANGHAI BK CORP,,
L0982,HONGKONG BANK OF CANADA,,
L0983,HOUSING BANK,,
L0986,HUA CHIAO COMMERCIAL BANK,,
L0987,HUNTINGDON NATIONAL BANK,,
L0988,HYAKUGO BANK,,
L0989,HYAKUJISHI BANK,,
L0990,HYOGO SOGO BANK,,
L0991,HYPOBANK INT. SA,,
L0992,IBERO-AMERIKA BANK,,
L0993,IBEROPARTNERS LTD,,
L0995,IKTISAT BANKASI TURK,,
L0996,IMI CAPITAL MARKETS LTD,,
L0997,INARCO INT. BANK,,
L0998,INDIAN BANK,,
L0999,INDIAN OVERSEAS BANK,,
L1000,NV DE INDONESISCHE OVERZEESE BK,,
L1001,INDOVER AMSTERDAM,,
L1002,INDUSTRIAL & COMMERCIAL BANK,,
L1003,ICBC,,
L1004,INDUSTRIAL BANK OF ASIA,,
L1005,IBJ INTERNATIONAL LTD.,,
L1006,INDUSTRIAL BANK OF KUWAIT KSC,,
L1007,INDUSTRIAL DEVELOPMENT BANK,,
L1008,INDUSTRIAL MULTINAT. INVESTMENTS LTD,,
L1009,INDUSTRIAL NAT. BANK OF RHODE ISLAND,,
L1010,INDUSTRIEBANK VON JAPAN (DEUTSCHLAND) AG,,
L1011,INDUSTRIEKREDITBANK AG,,
L1012,INJ,,
L1013,ISTITUTO DE CREDITO OFICIAL,,
L1014,INSULAR BANK OF ASIA,,
L1016,INTERALLIANZ BANK-ZURICH,,
L1017,INTERAMERICAN BANK CORP,,
L1018,INTERAMERIS INVESTMENT CORP,,
L1019,INTERBANK AG,,
L1020,INTERFIRST BANK OF DALLAS,,
L1022,INTERMEX,,
L1023,INT. BANK FOR ECONOMIC CO-OPERATION,,
L1024,INTERNATIONAL BANK OF ASIA,,
L1025,INTERNATIONAL BANK OF IRAN,,
L1026,INTERNATIONAL BANKERS INCORPORATED,,
L1027,INTERNATIONAL CO-OPERATIVE BANK,,
L1028,INT. COMMERCIAL BANK LTD,,
L1029,INT. ENERGY BANK LTD,,
L1030,INTERNATIONAL FINANCE CORP.,,
L1031,INT. FINANCIAL ADVISORS KSC,,
L1032,INTERNATIONAL INVESTMENT BANK,,
L1035,INTERNATIONAL MEXICAN BANK LTD,,
L1036,INT. NUCLEAR CREDIT BANK,,
L1037,INT. RESOURCES & FINANCE BANK SA,,
L1038,WORLD BANKING CORP. LTD.,,
L1040,INTERNATIONALE BANK FUR AUSSENHANDEL,,
L1041,INT. GENOSSENSCHAFTSBANK AG,,
L1043,INTERUNION-BANQUE,,
L1045,INTRADEV CORP SA,,
L1046,INTRAFIN,,
L1047,INVEST SECURITIES,,
L1048,INVESTITIONS & HANDELS-BK AG (UK),,
L1049,INVESTMENT BANK,,
L1050,INVESTMENT BANK OF IRELAND LTD,,
L1051,IRAN OVERSEAS INVESTMENT BANK LTD.,,
L1052,IRISH BANK OF COMMERCE,,
L1053,IRISH INTERCONTINENTAL BANK/KREDIETBANK INTERNATIONAL GROUP,,
L1054,IRVING BANK CANADA,,
L1055,IRVING BUSINESS CENTER (LOS ANGELES),,
L1056,IRVING TRUST CO.,,
L1057,ISM,,
L1058,ISTITUTO BANCARIO ITALIANO,,
L1059,ISTITUTO BANCARIO SAN PAOLO TORINO,,
L1060,INSTITUTO BDI CREDITO DELLE CASSA RURAL ED ARTIGIARE,,
L1061,ISTITUTO DI CREDITO DELLE CASSE RURALI ARTIGIANE,,
L1062,INSTITUTO MOBILIARE ITALIANO,,
L1063,ITAB GROUP,,
L1064,ITALIAN INTERNATIONAL BANK LTD.,,
L1065,ITALSTAT INTERNATIONAL,,
L1067,IYO BANK,,
L1068,J. HENRY SCHRODER BK & TRUST CO,,
L1069,J. HENRY SCHRODER WAGG & CO LTD,,
L1071,JAMES CAPEL BANKERS,,
L1074,JAPAN INT. BANK LTD,,
L1075,JAPAN LEASING (USA),,
L1076,JAPANESE COMMERCIAL BANKS,,
L1077,JAPANESE REGIONAL BANKS,,
L1078,JARDINE FLEMING & CO. LTD.,,
L1079,JERSEY INTERNATIONAL BANK OF COMMERCE,,
L1081,BERENBERG BANK,,
L1082,JOHN HANCOCK INSURANCE (BOSION),,
L1083,JOHNSON MATTHEY BANKERS LTD,,
L1084,JONES LANG WOOTTON USA,,
L1085,JORDAN FINANCE CONSORTIUM,,
L1086,JORDAN INVESTMENT & FINANCE CORP,,
L1087,JOYO BANK,,
L1088,JUROKU BANK,,
L1089,JYSKE BANK,,
L1090,KA WAH BANK,,
L1091,KAGOSHIMA BANK,,
L1092,KANSAI SOGO BANK,,
L1093,KANSALLIS INTERNATIONAL BANK (ASIA PACIFIC),,
L1094,KANSALLIS INT. BANK SA,,
L1095,KANSALLIS-OSAKE-PANKKI,,
L1096,KANTONALBANK OF BASLE,,
L1097,KAO FIRE AND MARINE INSURANCE CO,,
L1098,KAWASAKI LEASING INTERNATIONAL INC,,
L1099,KDB INTERNATIONAL (SINGAPORE),,
L1100,BQ KEYSER ULLMANN EN SUISSE SA,,
L1101,KIC,,
L1102,"KIDDER, PEABODY INT. LTD",,
L1103,KIIC,,
L1104,KINGCHENG BANK,,
L1105,KING&SHAXSON,,
L1106,KIN CHENG BARKING CORP,,
L1107,KINGCHUNG TOKYO FINANCE,,
L1108,KINKI SOGO BANK,,
L1109,"KLEINWORT, BENSON LTD",,
L1110,KOA FIRE & MARINE INSURANCE CO,,
L1111,KOBE BANK,,
L1112,KOFUKU SOGO BANK,,
L1113,KOREA ASSOCIATE FINANCE,,
L1114,KOREA COMMERCIAL FINANCE,,
L1115,KOREA DEVELOPMENT BANK INTERNATIONAL (SINGAPORE),,
L1116,KEB (ASIA) FINANCE,,
L1117,KOREA FIRST BANK,,
L1118,KOREA INTERNATIONAL MERCHANT BANK,,
L1119,KOREA KUWAIT BANKING CORP,,
L1120,KOREA MERCHANT BANKING CORP,,
L1121,KOREA NATIONAL FINANCE,,
L1122,KOREAN FRENCH BANKING CORP,,
L1123,KREDIETBANK NV,,
L1124,KREDIETBANK SA (SUISSE),,
L1125,KREDIETBANK SA LUXEMBOURGEOISE,,
L1126,KREDITANSTALT FUR WIEDERAUFBAU,,
L1127,KRUNG THAI BANK,,
L1128,"KUHN, LOEB & CO.",,
L1129,KUHN LOEB LEHMAN BROTHERS INT,,
L1130,KUWAIT ASIA BANK,,
L1132,KFTCIC,,
L1133,KUWAIT FOREIGN TRADING & INV. CO SAK,,
L1134,KUWAIT INT. INVESTMENT CO SAK,,
L1135,KUWAIT INVESTMENT CO. S.A.K.,,
L1136,KUWAIT PACIFIC FINANCE CO LTD,,
L1137,KUWAIT REAL ESTATE BANK KSC,,
L1138,KUWAITI-FRENCH BANK,,
L1139,KWANGTUNG PROVINCIAL BANK,,
L1140,KYOEI MUTUAL LIFE INSURANCE CO,,
L1141,KYOEI LIFE INSURANCE CO,,
L1142,KYOTI MUTUAL FIRE & MARINE INSURANCE COMPANY,,
L1143,KYOWA BANK LTD,,
L1144,L'EUROPEENNE DE BANQUE,,
L1145,LA CAISSE DESJARDINS DE QUEBEC,,
L1146,LA CAIXA,,
L1148,LA COMPAGNIE FINANCIERE EDMOND DE ROTHSCHILD BANQUE,,
L1149,LA SALLE NATIONAL BANK,,
L1150,LANDESBK RHEINLAND-PFALZ SAAR INT. SA,,
L1151,LANDESBANK SAAR,,
L1152,LANDESBK SCHLESWIG-HOLSTEIN GIROZ.,,
L1153,LANDESBANKEN A/S,,
L1154,LANDESBK STUTTGART INT. SA,,
L1155,LAVORO BANK OVERSEAS NV,,
L1156,LAZARD BROTHERS & CO. LTD.,,
L1157,LAZARD FRERES & CIE,,
L1158,LBI HONG KONG MERCHANT BK SERVICES,,
L1159,LEASE UNDERWRITING,,
L1160,LEGAL & GENERAL ASSURANCE SOCIETY,,
L1161,LEHMAN BROTHERS LTD,,
L1162,LFC,,
L1164,LIBYAN ARAB FOREIGN BANK,,
L1165,LIL USA CO LTD,,
L1166,LINCOLN FIRST BANK NA,,
L1167,LIU CHONG HING BANK,,
L1168,LJUBLJANSKA BANKA,,
L1170,"LOEB, RHOADES & CO.",,
L1171,LOMBARD LEASING SERVICES,,
L1172,LONDON & CONTINENTAL BANKERS LTD.,,
L1173,LONDON FORTEITING,,
L1174,LONDON INTERSTATE BANK LTD.,,
L1175,LONDON ITALIAN BANK LTD,,
L1176,LONDON MULTINATIONAL BANK LTD.,,
L1177,LONG-TERM CREDIT BK OF JAPAN LTD,,
L1178,LUXEMBOURG ITALIAN BANK,,
L1179,MACQUARIE BANK,,
L1180,MAIBL BERMUDA (FAR EAST) LTD,,
L1181,MAJOR CALIFORNIAN COMMERCIAL BANK,,
L1182,MALAYAN BANKING BHD,,
L1183,MALAYAN FINANCE CO,,
L1185,MALAYSIA BORNEO FINANCE CORP,,
L1186,MALAYSIAN FRENCH BANK,,
L1187,MALAYSIAN IND. DEV. FINANCE BHD,,
L1188,MALAYSIAN INTERNATIONAL MERCHANT BANKERS,,
L1189,MANILA CBC FINANCE (HK),,
L1190,MANPHIL INVESTMENT CORP,,
L1191,MANUFACTURERS AND TRADERS BANK,,
L1192,MANUFACTURERS HANOVER LTD,,
L1193,MANUFACTURERS HOUSE TRUST,,
L1195,MANUFACTURERS NATIONAL BANK OF DETROIT,,
L1196,MARAC HONG KONG,,
L1197,MARINE MIDLAND BANK,,
L1198,MARTIN CORPORATION,,
L1199,MARYLAND BANK INTERNATIONAL,,
L1200,MARYLAND NATIONAL BANK,,
L1201,MASE-WESTPAC LTD,,
L1202,MASSARAF FAYSAL AL ISLAMI OF BAHRAIN,,
L1203,MAURITIUS COMMERCIAL BANK,,
L1204,LUXEMBOURG ITALIAN BANK SA,,
L1205,MBANK HOUSTON,,
L1206,MCAULEY DENNEHY & TOLLEY,,
L1208,ECCANICA FINANZIARIA INTERNATIONAL SA LUXEMBOURG,,
L1209,MECFINT,,
L1210,COMPASS SPA (MEDIOBANCA GROUP),,
L1211,MEDIOBANCA,,
L1212,MEDIOCREDITO CENTRALE,,
L1213,MEIJI MUTUAL LIFE INSURANCE CO,,
L1214,MELLON BANK NA,,
L1215,MERCANTILE BANK LTD,,
L1216,MERCANTILE BANK OF CANADA,,
L1217,MERCANTILE NATIONAL BANK OF DALLAS,,
L1218,MERCANTILE TRUST CO.,,
L1219,MERCHANT BANKING GROUP,,
L1221,MERCURY ASSET MANAGEMENT,,
L1222,MERIDIEN INTERNATIONAL BANK,,
L1223,M.LYNCH INT. BK LTD,,
L1224,METROPOLITAN BANK & TRUST,,
L1225,METWAY BANK,,
L1226,MEYERS & CO INC,,
L1227,MFC CORPORATION,,
L1228,MICHINOKU BANK,,
L1229,MID-AMERICAN FIN. & INVESTMENT CORP,,
L1230,MIDDLE EAST ASSOCIATES SA,,
L1231,MIDDLE EAST BANK,,
L1232,MIDIAND-MONTAGU,,
L1234,MIDLAND-MONTAGU,,
L1235,MIDLANTIC NATIONAL BANK,,
L1236,MIND BANK LTD,,
L1237,MISR INTERNATIONAL BANK,,
L1239,MITSUBISHI TRUST & BK CORP,,
L1240,MITSUBISHI BANK LTD,,
L1242,MITSUI BANK LTD,,
L1243,MITSUI MUTUAL LIFE INSURANCE CO,,
L1244,MITSUI TRUST & BANKING CO LTD,,
L1245,MITSUI TRUST BANK SA (EUROPE),,
L1246,MITSUI TRUST FINANCE (HONG KONG) LTD,,
L1248,"BANK MM WARBURG BRINCKMANN, WIRTZ INTERNATIONAL (LUXEMBOURG)",,
L1249,MONTREAL TRUST COMPANY,,
L1250,MORGAN & CIE SA,,
L1251,MORGAN BANK (DELAWARE),,
L1252,MORGAN BANK NEDERLAND,,
L1253,MORGAN BANK OF CANADA,,
L1254,MORGAN FINANCE,,
L1255,ARAB & MORGAN GRENFELL FIN. CO LTD,,
L1256,MORGAN GUARANTY TRUST CO,,
L1257,MORGAN STANLEY & CO INC,,
L1258,MOSCOW NARODNY BANK LTD.,,
L1259,MULTI-CREDIT CORPORATION OF THAILAND,,
L1260,MULTIBANCO COMERMEX SA,,
L1261,MUSLIM COMMERCIAL BANK,,
L1262,MUTUAL LIFE INSURANCE COMPANY OF NEW YORK,,
L1263,MYER FINANCE LTD,,
L1264,ROTHSCHILD INTERCONTINENTAL BANK LTD.,,
L1265,NACIONAL FINANCIERA SA,,
L1266,NAGOYA SOGO BANK,,
L1267,NAGRAFIN BANK LTD,,
L1268,NATIONAL BANK OF CANADA (INT.) LTD,,
L1269,NANTO BANK,,
L1270,NANYANG COMMERCIAL BANK,,
L1271,NANYANG FINANCE,,
L1272,GRINDLAY BRANDTS LTD,,
L1273,NATIONAL & PROVINCIAL BULDING SOCIETY.,,
L1274,NAT. BK OF AUSTRALASIA LTD,,
L1275,NATIONAL BANK OF ABU DHABI,,
L1276,NATIONAL BANK OF BAHRAIN,,
L1277,NATIONAL BANK OF CANADA,,
L1278,NATIONAL BANK OF DETROIT,,
L1279,NATIONAL BANK OF EGYPT,,
L1280,NATIONAL BANK OF FUJAIRAH,,
L1281,NATIONAL BANK OF GREECE,,
L1282,NATIONAL BANK OF KOREA,,
L1283,NATIONAL BANK OF KUWAIT SAK,,
L1285,NAT. BANK OF NEW ZEALAND LTD,,
L1286,NAT. BK OF NORTH AMERICA,,
L1287,NATIONAL BANK OF OMAN,,
L1288,NATIONAL BANK OF PAKISTAN,,
L1289,NATIONAL BANK OF RAS AL-KHAIMAH PSC,,
L1290,NATIONAL BANK OF SHARJAH,,
L1291,NATIONAL BANK OF WASHINGTON,,
L1292,NATIONAL CITY BANK,,
L1294,NATIONAL COMMERCIAL BANK,,
L1295,NAT. COMMERCIAL BK (TRIN. & TOB.) LTD,,
L1296,NATIONAL CREDIT CORP,,
L1297,NATIONAL DEV. FINANCE CORP (KARACHI),,
L1298,NATIONAL FINANCE & SECURITIES CO,,
L1299,NATIONAL GIROBANK,,
L1300,NATIONAL INV. BK FOR IND. DEV. SA,,
L1301,NATIONAL INVESTMENT OF THE NETHERLANDS,,
L1302,NATIONAL LEASING AND FINANCE CO,,
L1303,NATIONAL STATE BANK (NEW JERSEY),,
L1305,NATIONALE BANK VOOR MIDDEL LANG KREDIET N.V.,,
L1306,NDC MERCHANT BANK,,
L1307,NEDBANK,,
L1308,NEDERLANDSE KREDIETBANK (OVERSEAS) NV,,
L1309,NEDERLANDSCHE MIDDENSTANSBANK NV,,
L1310,A/S NEVI,,
L1312,NZI FINANCIAL CORP (HK),,
L1314,NICHIBOSHIN (UK),,
L1315,NICHIDO FIRE & MARINE INSURANCE CO,,
L1316,NICHIMEN AMERICA,,
L1317,THE NIKKO (LUXEMBOURG),,
L1318,NIKKO BANK (UK),,
L1319,NIKKO MERCHANT BANK,,
L1320,NIKKO SECURITIES CO (EUROPE),,
L1321,NIPPON CREDIT BANK LTD,,
L1322,NIPPON DANTAI LIFE INSURANCE CO,,
L1323,NIPPON EUROPEAN BANK SA,,
L1324,NIPPON FIRE & MARINE INSURANCE CO,,
L1325,NIPPON KANGYO KAKUMARU,,
L1326,NIPPON LIFE INSURANCE CO,,
L1327,NIPPON TRUST & BANKING CO,,
L1328,NIPPON TRUST INSURANCE CO,,
L1329,NISHI-NIPON BANK,,
L1330,NISSAN FIRE & MARINE INSURANCE,,
L1331,NMKB FINANCE CO (CURACAO) NV,,
L1332,NMB BANK,,
L1333,NOMURA EUROPE NV,,
L1334,NOORD EN OOST NEDERLAND,,
L1335,NORDBANKEN,,
L1336,NORDDEUTSCHE LANDESBANK INT. SA,,
L1337,NORD LB / NORDDEUTSCHE LANDESBANK INTERNATIONAL,,
L1338,NORDFINANZ-BANK (ZURICH),,
L1339,NORDIC AMERICAN BANKING CORP,,
L1340,NORDIC BANK LTD,,
L1341,NORDIC INVESTMENT BANK,,
L1342,NORLANDSBANKEN,,
L1343,NORINCHUKIN BANK,,
L1344,NORTH CAROLINA NATIONAL BANK,,
L1345,NORTHERN BANK LTD,,
L1346,NOTHERN ROCK BUILDING SOCIETY,,
L1347,NORTHERN TELECOM INTERNATIONAL FINANCE,,
L1348,NORTHERN TRUST CO,,
L1350,NORTHWESTERN NAT. BK OF MINNEAPOLIS,,
L1351,NORWEGIAN GROUP FOR PETROLEUM FIN.,,
L1352,NORWEST AMERICAN BANK,,
L1353,NORWEST BANK MINNEAPOLIS,,
L1354,NUOVO BANCO AMBROSIANO,,
L1355,OCBC (KUALA LUMPUR),,
L1356,OCCIDENTAL FINANCIAL SERVICES,,
L1357,OCEANIC FINANCE CORP,,
L1358,OESTERREICHISCHE LAENDERBANK AG,,
L1359,OESTERREICHISCHE VOLKSBANKEN AG,,
L1360,OGAKI KYORITSU BANK,,
L1361,OITA BANK,,
L1362,OKASAN FINANCE,,
L1363,OKOBANK,,
L1364,OLD STONE BANK,,
L1365,OLDENBURGISCHE LANDESBANK,,
L1366,OMAN ARAB AFRICAN BANK,,
L1367,OMAN ARAB BANK,,
L1368,OMAN INTERNATIONAL BANK,,
L1369,OOLDERS DE JONG,,
L1370,ORIENT LEASING (ASIA),,
L1372,ORION PACIFIC LTD,,
L1373,ORION ROYAL BANK,,
L1374,ORYX INVESTMENTS OF LONDON,,
L1375,OSLO FINANS,,
L1376,OST-WEST HANDELSHANK,,
L1377,OSTERREICHISCHE CREDIT INSTITUTE,,
L1378,POSTSPARKASSE,,
L1379,OSUUSPANKKIEN KESKUSPANKKI OY,,
L1380,OTTOMAN FINANCIAL SERVICES,,
L1381,OVERLAND TRUST BANK,,
L1382,OVERSEA-CHINESE BANKING CORP LTD,,
L1383,PT OVERSEAS EXPRESS BANK,,
L1385,OVERSEAS PRIVATE INVESTMENT CORP,,
L1386,OVERSEAS TRADE BANK,,
L1387,OVERSEAS UNION BANK,,
L1388,PACIFIC OVERSEAS FINANCE CORP,,
L1389,PAINEWEBBER INC,,
L1390,PAN ASIAN FINANCE LTD,,
L1391,PANAMERIS S.A.,,
L1392,PAPUA NEW GUINEA BANKING CORP,,
L1393,PARNERSHIP PACIFIC,,
L1394,PASFM SERVIZI FINANZIARI,,
L1395,PEABODY INTERNATIONAL,,
L1396,PEOPLE'S BANK,,
L1397,PEPSICO,,
L1398,PERMATA CHARTERED MERCHANT BANK (PCMB),,
L1399,PFEIZER BANK,,
L1400,PHATRA THANAKIT CO,,
L1401,PHILADELPHIA INTERNATIONAL CO. LTD.,,
L1402,PHILADELPHIA NATIONAL BANK,,
L1403,PHILADELPHIA OVERSEAS FINANCE CO,,
L1404,PHILDREW VENTURES,,
L1405,PHILIP MORRIS CREDIT CORP,,
L1406,PHIBRO-SALOMON FINANCE,,
L1407,PHILIPPINE INVESTMENTS SYSTEMS ORG.,,
L1408,PHILLIPS AND DREW MOULSDALE,,
L1409,PHILPROJECTS MANAGEMENT CORPORATION,,
L1411,PICA,,
L1412,"PIERSON, HELDRING & PIERSON NV",,
L1413,PITTSBURGH NATIONAL BANK,,
L1414,PK AIRFINANCE,,
L1415,PK ENGLISH TRUST CO,,
L1416,PKBANKEN INT. (LUX.) SA,,
L1417,PKFINANS INTERNATIONAL (LUXEMBOURG),,
L1418,POHJOISMAIDEN YHDYSPANKKI OY,,
L1419,POONPIPAT FINANCE & SECURITIES CO,,
L1420,POST OFFICE SAVINGS BANK,,
L1421,POSTIPANKKI,,
L1422,POTTER PARTNERS,,
L1423,PRE FINANS AS,,
L1424,PRIVATBANKEN AKTIESELSKAB,,
L1425,PRIVATE DEVELOPMENT CORPORATION OF THE PHILIPPINES,,
L1427,PRIVATE INV. CO. FOR ASIA (PICA) SA,,
L1428,PRIVATE SAVINGS BANK,,
L1429,PRIVINSBANKEN,,
L1430,PRIVREDNA BANKA U ZAGREBU,,
L1431,PROVIDENT NATIONAL BANK,,
L1432,PROVINCIAL BANK OF CANADA,,
L1433,PROVINSBANKEN INTERNATIONAL,,
L1434,PRUDENTIAL BACHE SECURITIES,,
L1435,PSAFIN-SERVIZI FINANZIARI SPA,,
L1436,PSK BANK,,
L1437,PSP & CO (UK) LTD,,
L1438,P.T. INDONESIAN INVESTMENTS INTERNATIONAL,,
L1439,PUBLIC INSTITUTION OF SOCIAL SECURITY,,
L1440,PUNJAB NATIONAL BANK,,
L1441,QATAR NATIONAL BANK SAQ,,
L1443,R. HENRIQUES JR,,
L1444,RABOANK CURACAO,,
L1445,RABOMERICA INTERNATIONAL BANK N.V.,,
L1446,RAINIER NATIONAL BANK,,
L1447,RAKYAT FIRST,,
L1448,RASFIN,,
L1449,REDERNES SKIBSKREDITFORENING,,
L1450,RENOUF CORP,,
L1451,REPUBLIC NATIONAL BANK OF DALLAS,,
L1452,REP. NAT. BK OF NEW YORK,,
L1453,REPUBLIC BANK OF HOUSTON,,
L1455,RHODE ISLAND HOSPITAL NATIONAL BANK,,
L1456,RICHARD DAUS & CO BANKIERS,,
L1457,RIGGS NAT. BK OF WASHINGTON. DC,,
L1458,RIYAD BANK,,
L1459,ROBERT FLEMING & CO. LTD.,,
L1460,ROGALANDSBANKEN,,
L1461,ROSENTHAL INT. LTD,,
L1463,ROYAL BANK OF SCOTLAND LTD,,
L1464,ROYAL BANK OF TRINIDAD AND TOBAGO,,
L1465,ROYAL TRUST BANK,,
L1466,ROYEAST INVESTMENTS LTD,,
L1467,ROYWEST BANKING CORP LTD,,
L1468,RURAL & INDUSTRIES BANK OF WESTERN AUSTRALIA,,
L1469,RURAL BANK OF NEW SOUTH WALES,,
L1472,S.W BERISFORDS,,
L1473,S.G. WARBURG & CO LTD,,
L1474,SABAH DEVELOPMENT BANK,,
L1475,SAEHAN MERCHANT BANKING CORP,,
L1476,SEAHAN MERCHANT BANKING CORP,,
L1477,SAITAMA BANK LTD,,
L1478,SAL OPPENHEIM JR & CIE,,
L1479,SALOMON BROTHERS,,
L1480,SAMUEL MONTAGU & CO LTD,,
L1481,SAMVIRKE SKADEFORSIKRING,,
L1482,SAN-IN GODO BANK,,
L1483,SANHUA TRUST SAVINGS AND COMMERCIAL BANK,,
L1484,SANPAOLO BANK,,
L1485,SANPAOLO-LARIANO BANK,,
L1486,SANVIRLE INSURANCE,,
L1487,SANWA BANK LTD,,
L1488,SAUDI AMERICAN BANK,,
L1489,SAUDI ARABIAN INVESTMENT BANK,,
L1490,SAUDI BRITISH BANK,,
L1491,SAUDI CAIRO BANK,,
L1492,SAUDI EUROPEAN BANK,,
L1493,SAUDI FINANCE CORP SAUDIFIN SA,,
L1494,SAUDI FRENCH BANK,,
L1496,SAUDI INVESTMENT BANKING CORP,,
L1497,SAVIN CHODO BANK,,
L1498,SB INDIA HONG KONG FINANCE,,
L1499,SCANDINAVIAN BANK LTD,,
L1501,SCHOELLER & CO,,
L1502,SCHRODER DARLING & CO LTD,,
L1503,SCHRODERS & CHARTERED,,
L1504,SCHRODERS ASIA,,
L1505,SCHRODERS AUSTRALIA,,
L1506,SCHROEDER MUENCHMEYER HENGST AND CO,,
L1507,SCHWEIZERISCHE VOLKSBANK,,
L1508,SEATTLE-FIRST NATIONAL BANK (BAH.),,
L1510,SECURITY PACIFIC BANK,,
L1511,SEIBU ALLSTATE LIFE INSURANCE CO,,
L1512,SENSHU BANK,,
L1513,SEPTACONSORS,,
L1514,SFE,,
L1515,SFE BANKING CORP LTD,,
L1516,SHAWMUT BANK OF BOSTON NA,,
L1517,SHEARSON INT. LTD,,
L1518,SHIKOKU BANK,,
L1519,SHIP MORTAGE INTERNATIONAL BANK,,
L1520,SHIRE TRUST,,
L1521,SHIZUOKA BANK,,
L1522,SHOKO CHUKIN BANK,,
L1523,SHUTOKEN LEASING CO,,
L1524,SIAM CITY BANK,,
L1525,SIAM COMMERCIAL BANK LTD,,
L1526,SIAM INDUSTRIAL CREDIT CO,,
L1528,SIMBL,,
L1529,SIMMONS & CO INT. LTD,,
L1530,SINGAPORE INTERNATIONAL MERCHANT BANKERS,,
L1531,SINGAPORE-JAPAN MERCHANT BANK LTD,,
L1532,SINGER & FRIEDLANDER LTD,,
L1533,SKANDINAVISKA ENSKILDA BANKEN,,
L1534,SKANSKA BANKEN,,
L1535,SAASTOPANKKIEN KESKUS-OSAKE-PANKKI,,
L1537,N.V. SLAVENBURG'S,,
L1538,SLEIPNER UK,,
L1539,"SMITH BARNEY, HARRIS UPHANI & CO.",,
L1540,SMITH ST AUBYN & CO,,
L1541,SMURFIT/BANQUE PARIBAS,,
L1542,SOCIETA CONSORTILE DE CO-OPERAZIONE BANCARIA,,
L1543,SOFIAS-SOC. FINANZIARIA ASSICURATIVA,,
L1544,SOCIETA ITALIANA FINANZIAMENTI INDUSTRIALI SPA,,
L1545,SAPAR-SOCIETE ANONYME DE GESTION ET DE CONTROLE DE PARTICIPATIONS,,
L1546,SOCIETE BANCAIRE ARABE,,
L1547,SOCIETE CENTRALE DE BANQUE SA,,
L1548,SOCIETE EUROPEENNE DE BANQUE,,
L1549,SOCIETE FINANCIERE EUROPEENNE FINANCE COMPANY,,
L1550,SOCIETE FINANCIERE POUR LES PAYS D'OUTRE-MER,,
L1552,SOCIETE GEN. ALSACIENNE BQ,,
L1553,SOCIETE GENERALE DE BANQUE SA,,
L1554,SOCIETE INTERNATIONAL DE BANQUE,,
L1555,SIFIDA INVESTMENT CO (LIBERIA) LTD,,
L1556,SOCIETE LYONNAIS DE BANQUE,,
L1557,SOCIETY BANK,,
L1558,SOCIETY NATIONAL BANK OF OHIO,,
L1559,SODITIC SA,,
L1560,SOGELEASE HONG KONG,,
L1561,SOERLANDSBANKEN,,
L1562,SOUTH PACIFIC MERCHANT FINANCE,,
L1563,SOUTHEAST BANK,,
L1564,SOUTHEAST FIRST NATIONAL BANK OF MIAMI,,
L1565,SOUTHPAC INTERNATIONAL FINANCE,,
L1566,NATIONAL SOUTHWEST BANK,,
L1567,SOVRAN BANK,,
L1568,SPARBANKERNAS BANK AB,,
L1569,SPAREBANKEN BUSKERUD,,
L1570,SPAREBANKEN HEDMARK,,
L1571,SPARBANKEN MIDT-NORGE,,
L1572,SPAREBANKEN MOERE,,
L1573,SPAREBANKEN NORDLAND,,
L1574,SPAREBANKEN OSLO AKERHUS,,
L1575,SPAREBANKEN ROGALAND,,
L1576,SPAREBANKEN SDS,,
L1577,SPRAEBANKEN SOR.,,
L1578,SPAREBANKEN VEST,,
L1579,SPAREBANKEN VESTFOLD,,
L1580,SPAREKASSEN AKTIENGESELLSCHAFT,,
L1581,SPAREKASSEN BIKUBEN,,
L1582,SPAREKASSEN SDS,,
L1584,SPARKASSE BERLIN,,
L1585,SPARKASSE DER STADT INNSBRUCK,,
L1586,SPECTRUM CAPITAL LTD,,
L1587,STAAL BANKIERS,,
L1588,STANDARD BANK OF SOUTH AFRICA,,
L1589,STANDARD CHARTERED BANK LTD,,
L1590,STANDARD MERCHANT BANK,,
L1591,STANDARD OIL FINANCE,,
L1592,STATE BANK OF INDIA,,
L1593,STATE BANK OF NEW SOUTH WALES,,
L1594,STATE BANK OF SOUTH AUSTRALIA,,
L1595,STATE BANK OF VICTORIA,,
L1597,STERLING BANCORP,,
L1598,STOREBRAND-NORDEN SKADEFORSIKRING,,
L1599,SUDWESTDEUTSCHE LANDESBANK,,
L1601,SUMITOMO MARINE & FIRE INSURANCE,,
L1602,SUMITOMO MUTUAL LIFE INSURANCE CO,,
L1603,SUMITOMO TRUST & BK CO LTD,,
L1604,SUMMA INTERNATIONAL FINANCE CO,,
L1605,SUN HUNG KAI FINANCE CO LTD,,
L1606,SUNDAL COLLIER SKEJEVESLAND SECURITIES (SCSS),,
L1607,SUNDSVALLSBANKEN,,
L1608,SUNISHIN CAPITAL GROUP,,
L1609,SUNNMORSBANKEN,,
L1610,AB SVENSK EXPORTKREDIT,,
L1611,SVENSKA HANDELSBANKEN,,
L1612,SVENSKA INTERNATIONAL,,
L1613,SWEDBANK,,
L1614,SWISS BANK CORP,,
L1615,"SWISS CANTOBANK (INTERNATIONAL, LONDON)",,
L1616,SWISS ITALIAN BANKING CORP. LTD.,,
L1617,SWISS VOLKSBANK,,
L1618,SYFRETS MERCHANT BANK LTD,,
L1619,TAISEI FIRE & MARINE INSURANCE CO,,
L1620,TAISEI SOGO BANK,,
L1621,TAISHO LIFE INSURANCE CO,,
L1622,TAISHO MARINE AND FIRE INSURANCE COMPANY,,
L1623,TAIYO KOBE BANK LTD,,
L1624,TAIYO MUTUAL LIFE INSURANCE CO,,
L1625,TAKUGIN INT. (ASIA) LTD,,
L1626,TAKUGIN INTERNATIONAL BANK,,
L1627,TAT LEE BANK LTD,,
L1628,TATE & LYLE PLC,,
L1629,TC ZIRAAT BANKASI,,
L1630,TEKSTILBANK,,
L1632,TEXAS AMERICAN BANK,,
L1633,TEXAS COMMERCE BANK NA,,
L1634,THAI FARMERS BANK LTD,,
L1636,THAI MILITARY BANK,,
L1637,THE 77 BANK,,
L1639,INTER-ALPHA ASIA (HONG KONG) LTD,,
L1640,THE LETFEL COMPANY,,
L1642,THE TRANSPORTATION GROUP,,
L1643,THIRD NATIONAL BANK OF NASHVILLE,,
L1644,TOA FIRE AND MARINE REINSURANCE COMPANY,,
L1645,TOHO BANK,,
L1646,TOHO MUTUAL LIFE INSURANCE CO,,
L1647,TOKAI BANK LTD,,
L1648,TOKYO MUTUAL LIFE INSURANCE CO,,
L1649,TOKYO ASIA FINANCE LTD,,
L1650,TOKYO SOGO BANK,,
L1651,TOKYO TOMIN BANK,,
L1652,TORONTO DOMINION BANK,,
L1653,TOYO TRUST & BANKING CO LTD,,
L1654,TRADE BANK OF NAIROBI,,
L1655,TRADE DEVELOPMENT BANK (UK),,
L1656,TRADE SERVICES CORP,,
L1658,TRANS-ARABIAN DEVELOPMENT CO (BAHR.),,
L1659,TRANS CITY INVESTMENT BANKERS,,
L1660,TRANS-ARABIAN INVESTMENT BK,,
L1661,TRICONTINENTAL CORP,,
L1662,TRIDENT INT. FINANCE LTD,,
L1663,TRINKHAUS & BURKHARDT,,
L1664,TROMSO SPAREBANK,,
L1665,PRONDHIEMS OG STRINDENS SPAREBANK,,
L1666,TRUST COMPANY BANK (ATLANTA),,
L1667,TSB ENGLAND & WALES,,
L1668,TSB SCOTLANND,,
L1669,TUNIS INTERNATIONAL BANK,,
L1670,TURIS AG,,
L1671,TURKIYE EMIAK BANKASI,,
L1672,TURKIYE EMLAK KREDI BANKASI,,
L1673,TURKIYE GARANTI BANKASI,,
L1674,TURKIYE HALK BANKASI,,
L1675,TURKISM BANKASI,,
L1676,UBAE-ARAB GERMAN BANK,,
L1677,UBAE-ARAB ITALIAN BANK SPA,,
L1678,UBAF-ARAB AMERICAN BANK,,
L1679,UBAF-ARAB GERMAN BANK,,
L1680,UBAF LTD,,
L1681,UBAN-ARAB JAPANESE FINANCE LTD,,
L1682,UCO BANK,,
L1683,UDA MERCHANT BANKERS BHD,,
L1684,ULSTER BANK,,
L1685,LONDON & ULSTER INVESTMENT BK,,
L1686,ULTRAFIN AG,,
L1688,UNI FORSIKRING,,
L1689,UNIBANCO,,
L1690,UNICREDIT,,
L1691,UNION ACCEPTANCE LTD.,,
L1692,UNION BANK,,
L1693,UNION BANK OF BANGKOK,,
L1694,UNION BANK OF BAVARIA,,
L1695,UNION BANK OF FINLAND LTD,,
L1696,UNION BANK OF INDIA,,
L1698,FELLESBANKEN A/S,,
L1699,UNION BANK OF SWITZERLAND,,
L1700,UNION BANK OF MIDDLE EAST LTD,,
L1701,UNION CHELSEA NATIONAL BANK,,
L1704,UNION DE BANQUES A PARIA,,
L1706,UNION DE BANQUES SUISSES,,
L1707,UNION DISCOUNT COMPANY OF LONDON,,
L1708,UNION MEDITER- RANEENNE DE BANQUES,,
L1709,UNION TRUST COMPANY OF MARYLAND,,
L1710,UNION TUNISIENNE DE BANQUES,,
L1711,UNITED BANK FOR AFRICA (NEW YORK),,
L1712,UNITED BANK OF DENVER,,
L1713,UNITED BANK OF KUWAIT,,
L1714,UNITED BANK OF PAKISTAN,,
L1715,UNITED CALIFORNIA BANK,,
L1716,UNITED CHASE MERCHANT BANKERS LTD.,,
L1717,UNITED COMMERCIAL BANK,,
L1718,UNITED GULF BANK,,
L1719,UNITED INT. BANK LTD,,
L1720,UNITED JERSEY BANK,,
L1721,UNITED MALAYAN BANKING CORP. BHD.,,
L1722,UNITED MIZRAHI BANK (LONDON),,
L1723,UNITED OVERSEAS BANK LTD (SING.),,
L1724,UNITED SAUDI COMMERCIAL BANK,,
L1725,UNITED STATES NAT. BANK OF OREGON,,
L1726,UNITED STATES TRUST CO OF NY (CAY.),,
L1727,UNITED VIRGINIA BANK,,
L1728,UNITY BANK OF CANADA,,
L1729,UNIVEST DEVELOPMENT GROUP,,
L1730,UPLANDSBANKEN,,
L1731,UTAMA WARDLEY BHD,,
L1732,VALLEY NATIONAL BANK OF ARIZONA,,
L1733,VARDE BANK,,
L1734,VEREINS UND WESTBANK INTERNATIONALE SA,,
L1735,VERENIGDE SPAARBANK,,
L1736,VESLANDSBANKEN,,
L1737,VIA BANQUE,,
L1738,VIZCAYA FINANZ AG,,
L1739,VNESHTORGBANK,,
L1740,VOLKSWAGEN AG,,
L1741,VOOGELAAR EN SMULDERS,,
L1742,WACHOVIA BANK & TRUST CO,,
L1743,WALES AUSTRALIA LTD,,
L1744,WALLICH EN MATTHES,,
L1745,WANG LEE BANK,,
L1746,WARDLEY LTD,,
L1747,WELLS FARGO BANK NA,,
L1750,WESTERN BANK OF HOUSTON,,
L1752,WESTFALENBANK AG,,
L1753,WESTINGHOUSE CREDIT CORP,,
L1754,WESTLAND-UTRECHT HYPOTHEEKBANK,,
L1755,WESTPAC BANKING CORP,,
L1757,WILLIAMS & GLYN'S BANK LTD,,
L1758,WING HANG BANK,,
L1759,WING LUNG FINANCE,,
L1760,WIRTSCHAFTS-UND PRIVATBANK,,
L1761,WOBACO INVESTMENTS LTD,,
L1762,WOOD GUNDY,,
L1763,IBRD,,
L1764,WORMLANDSBANKEN,,
L1765,WOZCHOD HANDELSBANK,,
L1766,BADEN WURTEMBURGISCHE LANDESBANK,,
L1767,WW FINANCE SA,,
L1768,YACHI MUTUAL LIFE INSURANCE,,
L1769,YAMAGUCHI BANK,,
L1770,YAMAICHI INTERNATIONAL ( EUROPE),,
L1771,YAMAICHI INTERNATIONAL (HONG KONG),,
L1772,YAMAICHI INTERNATIONAL,,
L1773,YAMAICHI MERCHANT BANK,,
L1774,YAMAICHI SECURITIES CO,,
L1775,YAMATO MUTUAL LIFE INSURANCE CO,,
L1776,YAPI VE KREDI BANKASI,,
L1777,YASUDA FIRE & MARINE INSURANCE CO,,
L1778,YASUDA MUTUAL LIFE INSURNANCE CO,,
L1779,YASUDA TRUST & FINANCE (HKG.) LTD,,
L1781,YATIRIMBANK AS,,
L1782,YIEN YIEH COMMERCIAL BANK,,
L1783,YIPINTSOI FINANCE LTD,,
L1784,YOKOHAMA ASIA,,
L1785,YORKSHIRE BANK,,
L1786,ZENSHINREN BANK,,
L1787,ZENTRALSPARKASSE DER GEMEINDE WIEN,,
L1788,"ZENTRALSPARKASSE & KOMMERZBANK, WIEN",,
L1789,ZUERCHER KANTONALBANK,,